{"('Setup1(IMU+VO)', 'MAE')":{"Non-optimized":82.288,"Optimized":4915878.7589999996,"\u2206":4915796.4709999999},"('Setup1(IMU+VO)', 'RMSE')":{"Non-optimized":869.441,"Optimized":24565958.9820000008,"\u2206":24565089.5410000011},"('Setup1(IMU+VO)', 'MAX')":{"Non-optimized":23693.994,"Optimized":516994507.7879999876,"\u2206":516970813.79399997},"('Setup2(IMU+VO,GPS)', 'MAE')":{"Non-optimized":112.393,"Optimized":17119.307,"\u2206":17006.914},"('Setup2(IMU+VO,GPS)', 'RMSE')":{"Non-optimized":1877.674,"Optimized":312692.528,"\u2206":310814.854},"('Setup2(IMU+VO,GPS)', 'MAX')":{"Non-optimized":57700.609,"Optimized":11704063.1610000003,"\u2206":11646362.5520000011},"('Setup3(INS)', 'MAE')":{"Non-optimized":2.465,"Optimized":0.699,"\u2206":-1.766},"('Setup3(INS)', 'RMSE')":{"Non-optimized":3.04,"Optimized":0.893,"\u2206":-2.147},"('Setup3(INS)', 'MAX')":{"Non-optimized":8.766,"Optimized":3.362,"\u2206":-5.404}}