{"0":{"0.0001":0.00032,"0.001":0.00031,"0.01":0.0003,"0.1":0.0003,"0.2":0.0003,"0.4":0.0003,"0.6":0.0003,"0.8":0.00033,"1.0":0.00029},"2":{"0.0001":0.0003,"0.001":0.00028,"0.01":0.00028,"0.1":0.00028,"0.2":0.0003,"0.4":0.00028,"0.6":0.00029,"0.8":0.00028,"1.0":0.00028},"4":{"0.0001":0.00031,"0.001":0.00029,"0.01":0.00029,"0.1":0.0003,"0.2":0.00032,"0.4":0.00029,"0.6":0.00042,"0.8":0.00029,"1.0":0.00029},"6":{"0.0001":0.00029,"0.001":0.00028,"0.01":0.00028,"0.1":0.00029,"0.2":0.00029,"0.4":0.00029,"0.6":0.0004,"0.8":0.00028,"1.0":0.00028},"8":{"0.0001":0.00033,"0.001":0.00029,"0.01":0.00031,"0.1":0.00029,"0.2":0.00029,"0.4":0.00029,"0.6":0.00042,"0.8":0.00029,"1.0":0.00029},"10":{"0.0001":0.00029,"0.001":0.00028,"0.01":0.00029,"0.1":0.00028,"0.2":0.0003,"0.4":0.00028,"0.6":0.00031,"0.8":0.00028,"1.0":0.0003}}