{"0.0001":{"0":0.00047,"-7":0.00049},"0.001":{"0":0.00045,"-7":0.00044},"0.01":{"0":0.00046,"-7":0.00045},"0.1":{"0":0.00045,"-7":0.00045},"1.0":{"0":0.00046,"-7":0.00047}}