{"0":{"0.0001":0.00108,"0.001":0.00032,"0.01":0.0003,"0.1":0.0003,"0.2":0.00031,"0.4":0.00033,"0.6":0.00031,"0.8":0.00036,"1.0":0.00033},"2":{"0.0001":0.00032,"0.001":0.00029,"0.01":0.00028,"0.1":0.00028,"0.2":0.00029,"0.4":0.00029,"0.6":0.00029,"0.8":0.00037,"1.0":0.00029},"4":{"0.0001":0.0003,"0.001":0.0003,"0.01":0.00029,"0.1":0.00029,"0.2":0.0003,"0.4":0.00031,"0.6":0.0003,"0.8":0.00032,"1.0":0.0003},"6":{"0.0001":0.00031,"0.001":0.00029,"0.01":0.00028,"0.1":0.00028,"0.2":0.0003,"0.4":0.00029,"0.6":0.00029,"0.8":0.00029,"1.0":0.00029},"8":{"0.0001":0.00031,"0.001":0.00032,"0.01":0.00029,"0.1":0.00031,"0.2":0.0003,"0.4":0.0003,"0.6":0.0003,"0.8":0.0003,"1.0":0.00031},"10":{"0.0001":0.00031,"0.001":0.00029,"0.01":0.00028,"0.1":0.00033,"0.2":0.0003,"0.4":0.00031,"0.6":0.00029,"0.8":0.0003,"1.0":0.00029}}