{"0":{"0.0001":0.00029,"0.001":0.00029,"0.01":0.00028,"0.1":0.00029,"0.2":0.00029,"0.4":0.00086,"0.6":0.00029,"0.8":0.00029,"1.0":0.00028},"2":{"0.0001":0.00028,"0.001":0.00027,"0.01":0.00027,"0.1":0.00027,"0.2":0.00027,"0.4":0.00034,"0.6":0.00027,"0.8":0.00027,"1.0":0.00028},"4":{"0.0001":0.00028,"0.001":0.00028,"0.01":0.00028,"0.1":0.0003,"0.2":0.00028,"0.4":0.00029,"0.6":0.00028,"0.8":0.00027,"1.0":0.00028},"6":{"0.0001":0.00027,"0.001":0.00027,"0.01":0.00027,"0.1":0.00029,"0.2":0.00027,"0.4":0.00028,"0.6":0.00027,"0.8":0.00027,"1.0":0.00027},"8":{"0.0001":0.0003,"0.001":0.00028,"0.01":0.00028,"0.1":0.00029,"0.2":0.00028,"0.4":0.00028,"0.6":0.00027,"0.8":0.00028,"1.0":0.00028},"10":{"0.0001":0.00027,"0.001":0.00027,"0.01":0.00028,"0.1":0.00027,"0.2":0.00027,"0.4":0.00027,"0.6":0.0003,"0.8":0.00027,"1.0":0.00027}}