{"0":{"0.0001":0.00045,"0.001":0.00036,"0.01":0.00033,"0.1":0.00034,"0.2":0.00036,"0.4":0.00032,"0.6":0.00034,"0.8":0.00037,"1.0":0.00035},"2":{"0.0001":0.00038,"0.001":0.00031,"0.01":0.00031,"0.1":0.00031,"0.2":0.00032,"0.4":0.00029,"0.6":0.00029,"0.8":0.00031,"1.0":0.00031},"4":{"0.0001":0.00042,"0.001":0.00035,"0.01":0.00032,"0.1":0.00033,"0.2":0.00037,"0.4":0.00031,"0.6":0.00031,"0.8":0.00031,"1.0":0.00038},"6":{"0.0001":0.00032,"0.001":0.0003,"0.01":0.0003,"0.1":0.0003,"0.2":0.00029,"0.4":0.0003,"0.6":0.00029,"0.8":0.00031,"1.0":0.00031},"8":{"0.0001":0.00031,"0.001":0.00031,"0.01":0.00032,"0.1":0.00033,"0.2":0.00033,"0.4":0.00031,"0.6":0.0003,"0.8":0.00032,"1.0":0.00033},"10":{"0.0001":0.00033,"0.001":0.0003,"0.01":0.00034,"0.1":0.00033,"0.2":0.00029,"0.4":0.0003,"0.6":0.00031,"0.8":0.00035,"1.0":0.00032}}