{"0":{"0.0001":0.00057,"0.001":0.00036,"0.01":0.0004,"0.1":0.00036,"0.2":0.00033,"0.4":0.00093,"0.6":0.00257,"0.8":0.00156,"1.0":0.00306},"2":{"0.0001":0.00044,"0.001":0.00032,"0.01":0.00037,"0.1":0.00031,"0.2":0.00029,"0.4":0.00102,"0.6":0.00163,"0.8":0.00389,"1.0":0.00247},"4":{"0.0001":0.00056,"0.001":0.00121,"0.01":0.00032,"0.1":0.00031,"0.2":0.0003,"0.4":0.00108,"0.6":0.00303,"0.8":0.00276,"1.0":0.00167},"6":{"0.0001":0.00042,"0.001":0.0004,"0.01":0.00032,"0.1":0.0003,"0.2":0.00033,"0.4":0.00251,"0.6":0.00412,"0.8":0.00241,"1.0":0.00291},"8":{"0.0001":0.00034,"0.001":0.00041,"0.01":0.00034,"0.1":0.00032,"0.2":0.00104,"0.4":0.00276,"0.6":0.0027,"0.8":0.00282,"1.0":0.00253},"10":{"0.0001":0.00032,"0.001":0.00036,"0.01":0.00032,"0.1":0.0003,"0.2":0.00155,"0.4":0.00179,"0.6":0.00313,"0.8":0.00287,"1.0":0.00252}}