{"0.0001":{"0":0.00042,"-7":0.00039},"0.001":{"0":0.00041,"-7":0.00047},"0.01":{"0":0.00041,"-7":0.00042},"0.1":{"0":0.00042,"-7":0.00041},"1.0":{"0":0.00041,"-7":0.00041}}