{"0":{"0.0001":0.00101,"0.001":0.00061,"0.01":0.00071,"0.1":0.00098,"0.2":0.00091,"0.4":0.00081,"0.6":0.00109,"0.8":0.00085,"1.0":0.00088},"2":{"0.0001":0.00096,"0.001":0.0009,"0.01":0.00088,"0.1":0.00066,"0.2":0.00144,"0.4":0.00071,"0.6":0.00072,"0.8":0.0007,"1.0":0.00105},"4":{"0.0001":0.00068,"0.001":0.00089,"0.01":0.00089,"0.1":0.00087,"0.2":0.00092,"0.4":0.00093,"0.6":0.00077,"0.8":0.00065,"1.0":0.00078},"6":{"0.0001":0.00066,"0.001":0.00093,"0.01":0.00079,"0.1":0.00079,"0.2":0.00085,"0.4":0.001,"0.6":0.00083,"0.8":0.00102,"1.0":0.00066},"8":{"0.0001":0.00076,"0.001":0.00099,"0.01":0.00089,"0.1":0.00101,"0.2":0.00127,"0.4":0.00071,"0.6":0.001,"0.8":0.00095,"1.0":0.00089},"10":{"0.0001":0.00097,"0.001":0.00082,"0.01":0.00169,"0.1":0.00119,"0.2":0.00091,"0.4":0.00078,"0.6":0.00075,"0.8":0.00066,"1.0":0.00106}}