{"0.0001":{"0":0.00041,"-7":0.0004},"0.001":{"0":0.00039,"-7":0.00039},"0.01":{"0":0.0004,"-7":0.00041},"0.1":{"0":0.00039,"-7":0.00048},"1.0":{"0":0.00039,"-7":0.0004}}