{"0":{"0.0001":0.00136,"0.001":0.0008,"0.01":0.00033,"0.1":0.00036,"0.2":0.00036,"0.4":0.00033,"0.6":0.00035,"0.8":0.00033,"1.0":0.00035},"2":{"0.0001":0.00073,"0.001":0.00038,"0.01":0.0003,"0.1":0.00031,"0.2":0.0003,"0.4":0.00029,"0.6":0.00032,"0.8":0.0003,"1.0":0.00028},"4":{"0.0001":0.00099,"0.001":0.00032,"0.01":0.00032,"0.1":0.00033,"0.2":0.00031,"0.4":0.00032,"0.6":0.00033,"0.8":0.00033,"1.0":0.0003},"6":{"0.0001":0.00091,"0.001":0.00036,"0.01":0.0003,"0.1":0.00032,"0.2":0.00031,"0.4":0.0003,"0.6":0.00031,"0.8":0.00032,"1.0":0.00029},"8":{"0.0001":0.00077,"0.001":0.00033,"0.01":0.00033,"0.1":0.00033,"0.2":0.00035,"0.4":0.00031,"0.6":0.00033,"0.8":0.00034,"1.0":0.00033},"10":{"0.0001":0.00097,"0.001":0.0003,"0.01":0.00032,"0.1":0.00039,"0.2":0.00031,"0.4":0.00029,"0.6":0.00029,"0.8":0.00029,"1.0":0.00032}}