{"0":{"0.0001":0.00099,"0.001":0.00173,"0.01":0.00205,"0.1":0.00206,"0.2":0.00238,"0.4":0.00176,"0.6":0.00163,"0.8":0.00224,"1.0":0.0025},"2":{"0.0001":0.00106,"0.001":0.00201,"0.01":0.0027,"0.1":0.00248,"0.2":0.003,"0.4":0.00243,"0.6":0.00195,"0.8":0.0018,"1.0":0.00235},"4":{"0.0001":0.00097,"0.001":0.00192,"0.01":0.0023,"0.1":0.00219,"0.2":0.00154,"0.4":0.00288,"0.6":0.00219,"0.8":0.00179,"1.0":0.00292},"6":{"0.0001":0.00079,"0.001":0.00245,"0.01":0.00176,"0.1":0.00186,"0.2":0.00206,"0.4":0.00207,"0.6":0.00199,"0.8":0.00153,"1.0":0.00213},"8":{"0.0001":0.00091,"0.001":0.00218,"0.01":0.00194,"0.1":0.00209,"0.2":0.00203,"0.4":0.00264,"0.6":0.00195,"0.8":0.00349,"1.0":0.00227},"10":{"0.0001":0.00246,"0.001":0.00242,"0.01":0.00265,"0.1":0.00176,"0.2":0.00285,"0.4":0.00158,"0.6":0.00248,"0.8":0.00233,"1.0":0.00213}}