{"0":{"0.0001":0.00103,"0.001":0.00067,"0.01":0.00079,"0.1":0.00088,"0.2":0.00081,"0.4":0.00238,"0.6":0.00068,"0.8":0.00095,"1.0":0.00101},"2":{"0.0001":0.00092,"0.001":0.00082,"0.01":0.00095,"0.1":0.00099,"0.2":0.00123,"0.4":0.0013,"0.6":0.00083,"0.8":0.0009,"1.0":0.00066},"4":{"0.0001":0.00083,"0.001":0.00123,"0.01":0.00087,"0.1":0.00108,"0.2":0.00241,"0.4":0.00108,"0.6":0.00107,"0.8":0.00104,"1.0":0.00086},"6":{"0.0001":0.00072,"0.001":0.00065,"0.01":0.00057,"0.1":0.00101,"0.2":0.00115,"0.4":0.00148,"0.6":0.00106,"0.8":0.00072,"1.0":0.00076},"8":{"0.0001":0.00101,"0.001":0.00091,"0.01":0.00082,"0.1":0.00083,"0.2":0.00095,"0.4":0.00048,"0.6":0.00095,"0.8":0.00125,"1.0":0.00077},"10":{"0.0001":0.00116,"0.001":0.00098,"0.01":0.00108,"0.1":0.00061,"0.2":0.00114,"0.4":0.00091,"0.6":0.00088,"0.8":0.00083,"1.0":0.00151}}