{"0":{"0.0001":0.00135,"0.001":0.00076,"0.01":0.00141,"0.1":0.00197,"0.2":0.00128,"0.4":0.00122,"0.6":0.00083,"0.8":0.00132,"1.0":0.00099},"2":{"0.0001":0.00134,"0.001":0.00111,"0.01":0.00082,"0.1":0.00092,"0.2":0.00194,"0.4":0.0012,"0.6":0.00094,"0.8":0.00239,"1.0":0.0012},"4":{"0.0001":0.00116,"0.001":0.00095,"0.01":0.00072,"0.1":0.00098,"0.2":0.00107,"0.4":0.00148,"0.6":0.00103,"0.8":0.00159,"1.0":0.0014},"6":{"0.0001":0.00143,"0.001":0.00089,"0.01":0.00109,"0.1":0.0015,"0.2":0.00154,"0.4":0.00154,"0.6":0.00103,"0.8":0.00292,"1.0":0.00156},"8":{"0.0001":0.00139,"0.001":0.00125,"0.01":0.00085,"0.1":0.00086,"0.2":0.00174,"0.4":0.00157,"0.6":0.00099,"0.8":0.00171,"1.0":0.00081},"10":{"0.0001":0.00109,"0.001":0.00178,"0.01":0.00109,"0.1":0.00089,"0.2":0.00254,"0.4":0.00083,"0.6":0.00114,"0.8":0.00171,"1.0":0.00108}}