{"0.0001":{"0":0.00017},"0.001":{"0":0.00016},"0.01":{"0":0.00019},"0.1":{"0":0.0002},"1.0":{"0":0.00017}}