{"0":{"0.0001":0.00138,"0.001":0.0008,"0.01":0.00084,"0.1":0.00052,"0.2":0.00053,"0.4":0.00056,"0.6":0.00064,"0.8":0.00053,"1.0":0.00071},"2":{"0.0001":0.00112,"0.001":0.00073,"0.01":0.00065,"0.1":0.0005,"0.2":0.00042,"0.4":0.00063,"0.6":0.00058,"0.8":0.00047,"1.0":0.00046},"4":{"0.0001":0.00106,"0.001":0.0006,"0.01":0.00057,"0.1":0.00047,"0.2":0.00043,"0.4":0.00052,"0.6":0.00054,"0.8":0.00052,"1.0":0.00044},"6":{"0.0001":0.0016,"0.001":0.00062,"0.01":0.00053,"0.1":0.00058,"0.2":0.00067,"0.4":0.00052,"0.6":0.00054,"0.8":0.00048,"1.0":0.0006},"8":{"0.0001":0.00115,"0.001":0.00076,"0.01":0.00059,"0.1":0.00052,"0.2":0.00047,"0.4":0.00058,"0.6":0.00054,"0.8":0.00054,"1.0":0.00045},"10":{"0.0001":0.00069,"0.001":0.00075,"0.01":0.00066,"0.1":0.00056,"0.2":0.00051,"0.4":0.00053,"0.6":0.00055,"0.8":0.00076,"1.0":0.0006}}