{"0":{"0.0001":0.00136,"0.001":0.00121,"0.01":0.00111,"0.1":0.00138,"0.2":0.00094,"0.4":0.001,"0.6":0.00116,"0.8":0.00129,"1.0":0.00062},"2":{"0.0001":0.00128,"0.001":0.00121,"0.01":0.00134,"0.1":0.0011,"0.2":0.00124,"0.4":0.00124,"0.6":0.00151,"0.8":0.00083,"1.0":0.0005},"4":{"0.0001":0.00141,"0.001":0.00128,"0.01":0.00108,"0.1":0.00103,"0.2":0.00131,"0.4":0.001,"0.6":0.00116,"0.8":0.00053,"1.0":0.00061},"6":{"0.0001":0.00129,"0.001":0.00111,"0.01":0.0012,"0.1":0.00129,"0.2":0.00141,"0.4":0.00106,"0.6":0.00112,"0.8":0.00038,"1.0":0.00061},"8":{"0.0001":0.00125,"0.001":0.00142,"0.01":0.00121,"0.1":0.00113,"0.2":0.00099,"0.4":0.00137,"0.6":0.00154,"0.8":0.00053,"1.0":0.00059},"10":{"0.0001":0.00127,"0.001":0.00128,"0.01":0.00123,"0.1":0.00109,"0.2":0.00112,"0.4":0.00168,"0.6":0.00086,"0.8":0.00048,"1.0":0.0006}}