{"0.0001":{"0":0.00014},"0.001":{"0":0.00014},"0.01":{"0":0.00015},"0.1":{"0":0.00014},"1.0":{"0":0.00016}}