{"0":{"0.0001":0.00046,"0.001":0.00062,"0.01":0.00051,"0.1":0.00059,"0.2":0.00059,"0.4":0.0005,"0.6":0.00053,"0.8":0.00075,"1.0":0.00044},"2":{"0.0001":0.00057,"0.001":0.0005,"0.01":0.00057,"0.1":0.00043,"0.2":0.00064,"0.4":0.00055,"0.6":0.00059,"0.8":0.00079,"1.0":0.00056},"4":{"0.0001":0.00065,"0.001":0.00043,"0.01":0.00062,"0.1":0.00054,"0.2":0.00065,"0.4":0.00047,"0.6":0.00057,"0.8":0.00046,"1.0":0.00049},"6":{"0.0001":0.00043,"0.001":0.00045,"0.01":0.00056,"0.1":0.00055,"0.2":0.00054,"0.4":0.00062,"0.6":0.00058,"0.8":0.00055,"1.0":0.0005},"8":{"0.0001":0.00042,"0.001":0.00048,"0.01":0.00056,"0.1":0.00038,"0.2":0.00056,"0.4":0.0006,"0.6":0.00062,"0.8":0.00057,"1.0":0.00056},"10":{"0.0001":0.00067,"0.001":0.0005,"0.01":0.00055,"0.1":0.00042,"0.2":0.00053,"0.4":0.00061,"0.6":0.00051,"0.8":0.00048,"1.0":0.00049}}