{"0":{"0.0001":0.00049,"0.001":0.00046,"0.01":0.00044,"0.1":0.00057,"0.2":0.00057,"0.4":0.00042,"0.6":0.00041,"0.8":0.0005,"1.0":0.00049},"2":{"0.0001":0.00055,"0.001":0.00057,"0.01":0.00059,"0.1":0.00045,"0.2":0.00051,"0.4":0.00047,"0.6":0.00049,"0.8":0.00053,"1.0":0.00048},"4":{"0.0001":0.00064,"0.001":0.00038,"0.01":0.00067,"0.1":0.00045,"0.2":0.00046,"0.4":0.00054,"0.6":0.00062,"0.8":0.00049,"1.0":0.00062},"6":{"0.0001":0.0007,"0.001":0.00053,"0.01":0.00053,"0.1":0.00054,"0.2":0.00044,"0.4":0.00051,"0.6":0.00049,"0.8":0.00055,"1.0":0.00056},"8":{"0.0001":0.00056,"0.001":0.00059,"0.01":0.00046,"0.1":0.00063,"0.2":0.00045,"0.4":0.00054,"0.6":0.00055,"0.8":0.00056,"1.0":0.00088},"10":{"0.0001":0.00048,"0.001":0.00051,"0.01":0.00051,"0.1":0.00052,"0.2":0.00054,"0.4":0.00059,"0.6":0.0005,"0.8":0.00049,"1.0":0.00048}}