{"0.0001":{"0":0.00012},"0.001":{"0":0.00014},"0.01":{"0":0.00012},"0.1":{"0":0.00013},"1.0":{"0":0.00012}}