{"0":{"0.0001":0.0002,"0.001":0.00014,"0.01":0.00014,"0.1":0.00014,"0.2":0.00014,"0.4":0.00014,"0.6":0.00015,"0.8":0.00056,"1.0":0.00038},"2":{"0.0001":0.00014,"0.001":0.00014,"0.01":0.00018,"0.1":0.00014,"0.2":0.00014,"0.4":0.00015,"0.6":0.00013,"0.8":0.0004,"1.0":0.00045},"4":{"0.0001":0.00014,"0.001":0.00014,"0.01":0.00013,"0.1":0.00014,"0.2":0.00014,"0.4":0.00014,"0.6":0.00014,"0.8":0.00039,"1.0":0.00044},"6":{"0.0001":0.00013,"0.001":0.00012,"0.01":0.00012,"0.1":0.00013,"0.2":0.00014,"0.4":0.00014,"0.6":0.00026,"0.8":0.00039,"1.0":0.00032},"8":{"0.0001":0.00014,"0.001":0.00014,"0.01":0.00014,"0.1":0.00014,"0.2":0.00014,"0.4":0.00014,"0.6":0.00046,"0.8":0.00035,"1.0":0.00045},"10":{"0.0001":0.00014,"0.001":0.00014,"0.01":0.00014,"0.1":0.00014,"0.2":0.00014,"0.4":0.00014,"0.6":0.0005,"0.8":0.00041,"1.0":0.00046}}