{"0.0001":{"0":0.00024},"0.001":{"0":0.00021},"0.01":{"0":0.00018},"0.1":{"0":0.00019},"1.0":{"0":0.00018}}