{"0":{"0.0001":0.00019,"0.001":0.00019,"0.01":0.00018,"0.1":0.00017,"0.2":0.00016,"0.4":0.00016,"0.6":0.00017,"0.8":0.00016,"1.0":0.00016},"2":{"0.0001":0.00018,"0.001":0.00017,"0.01":0.00034,"0.1":0.00016,"0.2":0.00016,"0.4":0.00016,"0.6":0.00016,"0.8":0.00016,"1.0":0.00016},"4":{"0.0001":0.00016,"0.001":0.00018,"0.01":0.00017,"0.1":0.00017,"0.2":0.00016,"0.4":0.00016,"0.6":0.00017,"0.8":0.00016,"1.0":0.00017},"6":{"0.0001":0.00017,"0.001":0.00018,"0.01":0.00017,"0.1":0.00017,"0.2":0.00016,"0.4":0.00016,"0.6":0.00016,"0.8":0.00017,"1.0":0.00016},"8":{"0.0001":0.00067,"0.001":0.00017,"0.01":0.00017,"0.1":0.00017,"0.2":0.00016,"0.4":0.00018,"0.6":0.00016,"0.8":0.00017,"1.0":0.00016},"10":{"0.0001":0.00028,"0.001":0.00018,"0.01":0.00017,"0.1":0.00016,"0.2":0.00017,"0.4":0.00016,"0.6":0.00016,"0.8":0.00017,"1.0":0.00016}}