{"0.0001":{"0":0.00018},"0.001":{"0":0.00017},"0.01":{"0":0.00017},"0.1":{"0":0.00017},"1.0":{"0":0.00017}}