{"0":{"0.0001":0.00025,"0.001":0.00024,"0.01":0.00021,"0.1":0.00021,"0.2":0.00021,"0.4":0.00043,"0.6":0.00021,"0.8":0.00017,"1.0":0.00016},"2":{"0.0001":0.00021,"0.001":0.00016,"0.01":0.00024,"0.1":0.00022,"0.2":0.0002,"0.4":0.0002,"0.6":0.00017,"0.8":0.00017,"1.0":0.00016},"4":{"0.0001":0.00027,"0.001":0.00021,"0.01":0.0008,"0.1":0.00032,"0.2":0.00025,"0.4":0.00016,"0.6":0.00016,"0.8":0.00016,"1.0":0.00016},"6":{"0.0001":0.00023,"0.001":0.00038,"0.01":0.00077,"0.1":0.0002,"0.2":0.00032,"0.4":0.00014,"0.6":0.00016,"0.8":0.00016,"1.0":0.00016},"8":{"0.0001":0.0008,"0.001":0.00021,"0.01":0.00032,"0.1":0.00027,"0.2":0.0003,"0.4":0.00016,"0.6":0.00016,"0.8":0.00016,"1.0":0.00016},"10":{"0.0001":0.00021,"0.001":0.00022,"0.01":0.00019,"0.1":0.00019,"0.2":0.00015,"0.4":0.0002,"0.6":0.00016,"0.8":0.00016,"1.0":0.00016}}