{"0":{"0.0001":0.00027,"0.001":0.00038,"0.01":0.00123,"0.1":0.00018,"0.2":0.00017,"0.4":0.00019,"0.6":0.00017,"0.8":0.00017,"1.0":0.00044},"2":{"0.0001":0.00075,"0.001":0.00051,"0.01":0.00054,"0.1":0.00017,"0.2":0.00016,"0.4":0.00018,"0.6":0.00017,"0.8":0.00018,"1.0":0.00054},"4":{"0.0001":0.00059,"0.001":0.00067,"0.01":0.00038,"0.1":0.00017,"0.2":0.00016,"0.4":0.00022,"0.6":0.00018,"0.8":0.00042,"1.0":0.00099},"6":{"0.0001":0.00048,"0.001":0.00043,"0.01":0.00074,"0.1":0.00019,"0.2":0.00021,"0.4":0.00018,"0.6":0.00017,"0.8":0.00042,"1.0":0.00031},"8":{"0.0001":0.00053,"0.001":0.00068,"0.01":0.00057,"0.1":0.00017,"0.2":0.00021,"0.4":0.00019,"0.6":0.00017,"0.8":0.0006,"1.0":0.0005},"10":{"0.0001":0.00059,"0.001":0.00041,"0.01":0.00019,"0.1":0.00016,"0.2":0.00019,"0.4":0.00018,"0.6":0.00018,"0.8":0.00048,"1.0":0.00047}}