{"0":{"0.0001":0.00047,"0.001":0.00041,"0.01":0.00039,"0.1":0.00052,"0.2":0.00075,"0.4":0.00056,"0.6":0.00024,"0.8":0.0005,"1.0":0.00044},"2":{"0.0001":0.00058,"0.001":0.00029,"0.01":0.00023,"0.1":0.00044,"0.2":0.00052,"0.4":0.00056,"0.6":0.00046,"0.8":0.00042,"1.0":0.00044},"4":{"0.0001":0.00036,"0.001":0.00039,"0.01":0.00052,"0.1":0.00075,"0.2":0.00035,"0.4":0.00053,"0.6":0.00045,"0.8":0.00056,"1.0":0.00048},"6":{"0.0001":0.00042,"0.001":0.00035,"0.01":0.00058,"0.1":0.00052,"0.2":0.00054,"0.4":0.00048,"0.6":0.00058,"0.8":0.00046,"1.0":0.00058},"8":{"0.0001":0.00051,"0.001":0.0006,"0.01":0.00054,"0.1":0.00059,"0.2":0.00067,"0.4":0.00064,"0.6":0.00041,"0.8":0.00048,"1.0":0.00037},"10":{"0.0001":0.00055,"0.001":0.00065,"0.01":0.0004,"0.1":0.00048,"0.2":0.00039,"0.4":0.00035,"0.6":0.00045,"0.8":0.00048,"1.0":0.00052}}