{"0":{"0.0001":0.00058,"0.001":0.00047,"0.01":0.00039,"0.1":0.00021,"0.2":0.00053,"0.4":0.00064,"0.6":0.00067,"0.8":0.00044,"1.0":0.00031},"2":{"0.0001":0.00066,"0.001":0.00067,"0.01":0.00046,"0.1":0.00011,"0.2":0.00029,"0.4":0.0006,"0.6":0.00042,"0.8":0.00039,"1.0":0.00026},"4":{"0.0001":0.00026,"0.001":0.00052,"0.01":0.00034,"0.1":0.0005,"0.2":0.00024,"0.4":0.00061,"0.6":0.00052,"0.8":0.0006,"1.0":0.00088},"6":{"0.0001":0.00018,"0.001":0.00033,"0.01":0.00074,"0.1":0.00024,"0.2":0.00032,"0.4":0.00056,"0.6":0.0007,"0.8":0.00035,"1.0":0.00026},"8":{"0.0001":0.00029,"0.001":0.00095,"0.01":0.00034,"0.1":0.00043,"0.2":0.00039,"0.4":0.0003,"0.6":0.00025,"0.8":0.00022,"1.0":0.00041},"10":{"0.0001":0.00041,"0.001":0.00092,"0.01":0.00053,"0.1":0.00033,"0.2":0.00044,"0.4":0.0004,"0.6":0.00042,"0.8":0.00044,"1.0":0.00048}}