{"0.0001":{"0":0.0006,"-7":0.00057},"0.001":{"0":0.00058,"-7":0.00056},"0.01":{"0":0.00058,"-7":0.00057},"0.1":{"0":0.00058,"-7":0.00056},"1.0":{"0":0.00058,"-7":0.00062}}