{"0":{"0.0001":0.00052,"0.001":0.00044,"0.01":0.00044,"0.1":0.00043,"0.2":0.00055,"0.4":0.00052,"0.6":0.00044,"0.8":0.00065,"1.0":0.00054},"2":{"0.0001":0.00045,"0.001":0.00042,"0.01":0.00047,"0.1":0.00042,"0.2":0.00042,"0.4":0.00041,"0.6":0.00041,"0.8":0.00057,"1.0":0.00045},"4":{"0.0001":0.00041,"0.001":0.00042,"0.01":0.00042,"0.1":0.00042,"0.2":0.00044,"0.4":0.00043,"0.6":0.00044,"0.8":0.00112,"1.0":0.00042},"6":{"0.0001":0.00043,"0.001":0.00041,"0.01":0.00044,"0.1":0.00045,"0.2":0.00042,"0.4":0.00042,"0.6":0.00042,"0.8":0.00084,"1.0":0.00044},"8":{"0.0001":0.00043,"0.001":0.00044,"0.01":0.00043,"0.1":0.00042,"0.2":0.00041,"0.4":0.00042,"0.6":0.00041,"0.8":0.00047,"1.0":0.00041},"10":{"0.0001":0.00042,"0.001":0.00041,"0.01":0.00041,"0.1":0.00044,"0.2":0.00046,"0.4":0.00041,"0.6":0.00042,"0.8":0.00055,"1.0":0.00041}}