{"0":{"0.0001":0.00043,"0.001":0.00041,"0.01":0.00051,"0.1":0.00041,"0.2":0.0004,"0.4":0.0004,"0.6":0.00041,"0.8":0.00042,"1.0":0.00043},"2":{"0.0001":0.00042,"0.001":0.0004,"0.01":0.00045,"0.1":0.0004,"0.2":0.00042,"0.4":0.0004,"0.6":0.0004,"0.8":0.0004,"1.0":0.00041},"4":{"0.0001":0.0004,"0.001":0.0004,"0.01":0.0004,"0.1":0.0004,"0.2":0.0004,"0.4":0.0004,"0.6":0.0004,"0.8":0.00041,"1.0":0.00054},"6":{"0.0001":0.00041,"0.001":0.0004,"0.01":0.0004,"0.1":0.0004,"0.2":0.0004,"0.4":0.00039,"0.6":0.0004,"0.8":0.0004,"1.0":0.00041},"8":{"0.0001":0.0004,"0.001":0.00042,"0.01":0.00041,"0.1":0.0004,"0.2":0.0004,"0.4":0.0004,"0.6":0.0004,"0.8":0.0004,"1.0":0.00042},"10":{"0.0001":0.0004,"0.001":0.0004,"0.01":0.00117,"0.1":0.0004,"0.2":0.0004,"0.4":0.00041,"0.6":0.0004,"0.8":0.0004,"1.0":0.0004}}