{"0":{"0.0001":0.0004,"0.001":0.00039,"0.01":0.00043,"0.1":0.00038,"0.2":0.00046,"0.4":0.00044,"0.6":0.0005,"0.8":0.00044,"1.0":0.00044},"2":{"0.0001":0.00039,"0.001":0.00037,"0.01":0.00038,"0.1":0.00037,"0.2":0.00039,"0.4":0.00041,"0.6":0.00106,"0.8":0.0004,"1.0":0.0004},"4":{"0.0001":0.0004,"0.001":0.00038,"0.01":0.00038,"0.1":0.00077,"0.2":0.0004,"0.4":0.0004,"0.6":0.00051,"0.8":0.0004,"1.0":0.00041},"6":{"0.0001":0.00039,"0.001":0.00038,"0.01":0.00038,"0.1":0.00065,"0.2":0.00039,"0.4":0.00053,"0.6":0.00043,"0.8":0.00042,"1.0":0.0004},"8":{"0.0001":0.00038,"0.001":0.00038,"0.01":0.00037,"0.1":0.00051,"0.2":0.0004,"0.4":0.00045,"0.6":0.00044,"0.8":0.00041,"1.0":0.00041},"10":{"0.0001":0.00038,"0.001":0.00038,"0.01":0.00038,"0.1":0.00041,"0.2":0.00039,"0.4":0.00055,"0.6":0.00064,"0.8":0.0004,"1.0":0.00041}}