{"0.0001":{"0":0.00057,"-7":0.00054},"0.001":{"0":0.00054,"-7":0.00053},"0.01":{"0":0.00054,"-7":0.00053},"0.1":{"0":0.00053,"-7":0.00053},"1.0":{"0":0.00053,"-7":0.00054}}