{"0":{"0.0001":0.00049,"0.001":0.00048,"0.01":0.00046,"0.1":0.00043,"0.2":0.00049,"0.4":0.00051,"0.6":0.00052,"0.8":0.00053,"1.0":0.00044},"2":{"0.0001":0.00049,"0.001":0.00047,"0.01":0.00043,"0.1":0.00057,"0.2":0.00056,"0.4":0.00048,"0.6":0.00048,"0.8":0.00047,"1.0":0.00042},"4":{"0.0001":0.00045,"0.001":0.00043,"0.01":0.00117,"0.1":0.00111,"0.2":0.00047,"0.4":0.00046,"0.6":0.00049,"0.8":0.00055,"1.0":0.00047},"6":{"0.0001":0.00047,"0.001":0.00043,"0.01":0.00042,"0.1":0.00075,"0.2":0.00045,"0.4":0.00048,"0.6":0.0005,"0.8":0.00048,"1.0":0.00041},"8":{"0.0001":0.00059,"0.001":0.00114,"0.01":0.00044,"0.1":0.00044,"0.2":0.00044,"0.4":0.00051,"0.6":0.00052,"0.8":0.00045,"1.0":0.00047},"10":{"0.0001":0.00051,"0.001":0.00055,"0.01":0.00046,"0.1":0.00049,"0.2":0.00064,"0.4":0.00047,"0.6":0.00048,"0.8":0.00043,"1.0":0.00048}}