{"0.0001":{"0":0.00052,"-7":0.00052},"0.001":{"0":0.00051,"-7":0.00052},"0.01":{"0":0.0005,"-7":0.0005},"0.1":{"0":0.0005,"-7":0.00056},"1.0":{"0":0.00052,"-7":0.00051}}