{"0":{"0.0001":0.0033,"0.001":0.00266,"0.01":0.00275,"0.1":0.00307,"0.2":0.00136,"0.4":0.00121,"0.6":0.00105,"0.8":0.00195,"1.0":0.00188},"2":{"0.0001":0.00271,"0.001":0.00292,"0.01":0.00368,"0.1":0.00412,"0.2":0.00141,"0.4":0.00093,"0.6":0.00147,"0.8":0.0028,"1.0":0.00167},"4":{"0.0001":0.00373,"0.001":0.0045,"0.01":0.00341,"0.1":0.00376,"0.2":0.00133,"0.4":0.00164,"0.6":0.00146,"0.8":0.00375,"1.0":0.0015},"6":{"0.0001":0.00317,"0.001":0.00409,"0.01":0.00375,"0.1":0.00321,"0.2":0.00151,"0.4":0.00149,"0.6":0.00134,"0.8":0.00219,"1.0":0.00178},"8":{"0.0001":0.00609,"0.001":0.00406,"0.01":0.00355,"0.1":0.00278,"0.2":0.00148,"0.4":0.00146,"0.6":0.00222,"0.8":0.00256,"1.0":0.0014},"10":{"0.0001":0.00362,"0.001":0.00384,"0.01":0.00338,"0.1":0.00172,"0.2":0.00124,"0.4":0.00131,"0.6":0.00158,"0.8":0.00131,"1.0":0.00128}}