{"0":{"0.0001":0.00116,"0.001":0.00148,"0.01":0.0005,"0.1":0.00052,"0.2":0.00053,"0.4":0.00142,"0.6":0.00049,"0.8":0.00048,"1.0":0.00052},"2":{"0.0001":0.00101,"0.001":0.00091,"0.01":0.00051,"0.1":0.00045,"0.2":0.00046,"0.4":0.00054,"0.6":0.00049,"0.8":0.00049,"1.0":0.00047},"4":{"0.0001":0.00111,"0.001":0.00051,"0.01":0.00049,"0.1":0.00048,"0.2":0.00143,"0.4":0.00054,"0.6":0.00048,"0.8":0.0006,"1.0":0.00043},"6":{"0.0001":0.00131,"0.001":0.00046,"0.01":0.00046,"0.1":0.00049,"0.2":0.00122,"0.4":0.00049,"0.6":0.00047,"0.8":0.00044,"1.0":0.00049},"8":{"0.0001":0.00134,"0.001":0.00043,"0.01":0.00048,"0.1":0.00089,"0.2":0.00092,"0.4":0.00048,"0.6":0.00047,"0.8":0.00043,"1.0":0.00044},"10":{"0.0001":0.0012,"0.001":0.00043,"0.01":0.00049,"0.1":0.00047,"0.2":0.00045,"0.4":0.00045,"0.6":0.00047,"0.8":0.00043,"1.0":0.00044}}