{"0":{"0.0001":0.00065,"0.001":0.00049,"0.01":0.00049,"0.1":0.00131,"0.2":0.0012,"0.4":0.00386,"0.6":0.00538,"0.8":0.00347,"1.0":0.00372},"2":{"0.0001":0.00049,"0.001":0.00046,"0.01":0.00048,"0.1":0.00121,"0.2":0.00099,"0.4":0.00568,"0.6":0.00319,"0.8":0.00481,"1.0":0.00393},"4":{"0.0001":0.00048,"0.001":0.00046,"0.01":0.00047,"0.1":0.00125,"0.2":0.00307,"0.4":0.00507,"0.6":0.00434,"0.8":0.00277,"1.0":0.00346},"6":{"0.0001":0.0005,"0.001":0.00044,"0.01":0.00044,"0.1":0.0017,"0.2":0.00194,"0.4":0.0049,"0.6":0.0035,"0.8":0.00286,"1.0":0.00295},"8":{"0.0001":0.00046,"0.001":0.00045,"0.01":0.00071,"0.1":0.00113,"0.2":0.00157,"0.4":0.00474,"0.6":0.0026,"0.8":0.00369,"1.0":0.00464},"10":{"0.0001":0.00046,"0.001":0.00044,"0.01":0.00133,"0.1":0.00099,"0.2":0.00123,"0.4":0.00388,"0.6":0.00475,"0.8":0.00452,"1.0":0.00273}}