{"0.0001":{"0":0.0369,"-7":0.00049},"0.001":{"0":0.00049,"-7":0.00048},"0.01":{"0":0.00052,"-7":0.00048},"0.1":{"0":0.0005,"-7":0.0005},"1.0":{"0":0.00048,"-7":0.00056}}