{"0":{"0.0001":0.00168,"0.001":0.00184,"0.01":0.00163,"0.1":0.00147,"0.2":0.00156,"0.4":0.00157,"0.6":0.00193,"0.8":0.00239,"1.0":0.00117},"2":{"0.0001":0.00226,"0.001":0.00132,"0.01":0.00149,"0.1":0.00144,"0.2":0.0014,"0.4":0.00174,"0.6":0.00139,"0.8":0.00141,"1.0":0.00144},"4":{"0.0001":0.00238,"0.001":0.00138,"0.01":0.00184,"0.1":0.00157,"0.2":0.00135,"0.4":0.00155,"0.6":0.00178,"0.8":0.00153,"1.0":0.00112},"6":{"0.0001":0.00139,"0.001":0.00159,"0.01":0.00156,"0.1":0.00164,"0.2":0.00108,"0.4":0.0017,"0.6":0.00137,"0.8":0.00353,"1.0":0.00129},"8":{"0.0001":0.00191,"0.001":0.00134,"0.01":0.00147,"0.1":0.00135,"0.2":0.00149,"0.4":0.00354,"0.6":0.00052,"0.8":0.0011,"1.0":0.00112},"10":{"0.0001":0.00187,"0.001":0.00176,"0.01":0.00137,"0.1":0.00151,"0.2":0.00222,"0.4":0.00301,"0.6":0.00113,"0.8":0.00121,"1.0":0.00121}}