{"0":{"0.0001":0.00164,"0.001":0.00159,"0.01":0.00155,"0.1":0.00137,"0.2":0.00173,"0.4":0.00044,"0.6":0.00071,"0.8":0.00059,"1.0":0.00052},"2":{"0.0001":0.00127,"0.001":0.0009,"0.01":0.00126,"0.1":0.00135,"0.2":0.0012,"0.4":0.00054,"0.6":0.00034,"0.8":0.00053,"1.0":0.00052},"4":{"0.0001":0.001,"0.001":0.00179,"0.01":0.00139,"0.1":0.00206,"0.2":0.00038,"0.4":0.00051,"0.6":0.00036,"0.8":0.00039,"1.0":0.00051},"6":{"0.0001":0.00122,"0.001":0.00111,"0.01":0.00168,"0.1":0.00133,"0.2":0.00045,"0.4":0.00041,"0.6":0.00047,"0.8":0.00058,"1.0":0.00042},"8":{"0.0001":0.00099,"0.001":0.00198,"0.01":0.00196,"0.1":0.00128,"0.2":0.00044,"0.4":0.00043,"0.6":0.00044,"0.8":0.00053,"1.0":0.00058},"10":{"0.0001":0.0013,"0.001":0.00176,"0.01":0.00121,"0.1":0.0013,"0.2":0.0005,"0.4":0.00045,"0.6":0.00058,"0.8":0.00098,"1.0":0.00045}}