{"0":{"0.0001":0.00152,"0.001":0.00098,"0.01":0.00196,"0.1":0.00333,"0.2":0.00323,"0.4":0.00131,"0.6":0.00135,"0.8":0.00111,"1.0":0.00176},"2":{"0.0001":0.00133,"0.001":0.0012,"0.01":0.00335,"0.1":0.00268,"0.2":0.003,"0.4":0.00138,"0.6":0.00141,"0.8":0.0015,"1.0":0.00168},"4":{"0.0001":0.0011,"0.001":0.00163,"0.01":0.00227,"0.1":0.00251,"0.2":0.00315,"0.4":0.00161,"0.6":0.00156,"0.8":0.00191,"1.0":0.00115},"6":{"0.0001":0.00154,"0.001":0.00114,"0.01":0.00298,"0.1":0.00355,"0.2":0.00352,"0.4":0.0013,"0.6":0.0016,"0.8":0.00154,"1.0":0.00144},"8":{"0.0001":0.00107,"0.001":0.00176,"0.01":0.00323,"0.1":0.00284,"0.2":0.00271,"0.4":0.0024,"0.6":0.00136,"0.8":0.00154,"1.0":0.00116},"10":{"0.0001":0.00102,"0.001":0.00221,"0.01":0.00321,"0.1":0.00442,"0.2":0.00136,"0.4":0.00115,"0.6":0.00121,"0.8":0.0014,"1.0":0.0016}}