{"0.0001":{"0":0.00053,"-7":0.0005},"0.001":{"0":0.0005,"-7":0.00047},"0.01":{"0":0.00051,"-7":0.00046},"0.1":{"0":0.00094,"-7":0.00048},"1.0":{"0":0.00047,"-7":0.00046}}