{"0":{"0.0001":0.0005,"0.001":0.00037,"0.01":0.00036,"0.1":0.00066,"0.2":0.00137,"0.4":0.00199,"0.6":0.00109,"0.8":0.00269,"1.0":0.00206},"2":{"0.0001":0.00037,"0.001":0.00037,"0.01":0.00037,"0.1":0.00123,"0.2":0.00173,"0.4":0.00115,"0.6":0.00191,"0.8":0.00236,"1.0":0.00197},"4":{"0.0001":0.00036,"0.001":0.00035,"0.01":0.00035,"0.1":0.00116,"0.2":0.00149,"0.4":0.00115,"0.6":0.00208,"0.8":0.00243,"1.0":0.00246},"6":{"0.0001":0.00039,"0.001":0.00035,"0.01":0.00036,"0.1":0.00185,"0.2":0.00142,"0.4":0.00144,"0.6":0.00218,"0.8":0.00223,"1.0":0.0021},"8":{"0.0001":0.00039,"0.001":0.00038,"0.01":0.00039,"0.1":0.00131,"0.2":0.00153,"0.4":0.00152,"0.6":0.00204,"0.8":0.00232,"1.0":0.00235},"10":{"0.0001":0.00053,"0.001":0.00043,"0.01":0.00037,"0.1":0.00143,"0.2":0.00186,"0.4":0.00101,"0.6":0.00251,"0.8":0.00225,"1.0":0.00249}}