{"0":{"0.0001":0.00102,"0.001":0.00104,"0.01":0.00223,"0.1":0.00187,"0.2":0.00196,"0.4":0.0019,"0.6":0.0031,"0.8":0.00221,"1.0":0.0024},"2":{"0.0001":0.00094,"0.001":0.00095,"0.01":0.00233,"0.1":0.00179,"0.2":0.00194,"0.4":0.00192,"0.6":0.0036,"0.8":0.00173,"1.0":0.00236},"4":{"0.0001":0.00087,"0.001":0.00106,"0.01":0.00196,"0.1":0.0022,"0.2":0.00205,"0.4":0.00265,"0.6":0.00324,"0.8":0.0022,"1.0":0.00235},"6":{"0.0001":0.00091,"0.001":0.00108,"0.01":0.00191,"0.1":0.00172,"0.2":0.00202,"0.4":0.00308,"0.6":0.00342,"0.8":0.00198,"1.0":0.00217},"8":{"0.0001":0.00095,"0.001":0.00178,"0.01":0.00212,"0.1":0.00198,"0.2":0.00182,"0.4":0.00272,"0.6":0.0026,"0.8":0.0022,"1.0":0.00211},"10":{"0.0001":0.00113,"0.001":0.00193,"0.01":0.00184,"0.1":0.00184,"0.2":0.00207,"0.4":0.0036,"0.6":0.00194,"0.8":0.00226,"1.0":0.00216}}