{"0":{"0.0001":0.00102,"0.001":0.00102,"0.01":0.00098,"0.1":0.00116,"0.2":0.00094,"0.4":0.00114,"0.6":0.00103,"0.8":0.00089,"1.0":0.00249},"2":{"0.0001":0.00099,"0.001":0.00109,"0.01":0.00095,"0.1":0.00114,"0.2":0.00101,"0.4":0.00103,"0.6":0.00098,"0.8":0.00089,"1.0":0.00242},"4":{"0.0001":0.00093,"0.001":0.00107,"0.01":0.00118,"0.1":0.00113,"0.2":0.00111,"0.4":0.00098,"0.6":0.00112,"0.8":0.00103,"1.0":0.00218},"6":{"0.0001":0.00102,"0.001":0.00089,"0.01":0.00104,"0.1":0.00091,"0.2":0.00103,"0.4":0.00107,"0.6":0.00095,"0.8":0.0018,"1.0":0.00235},"8":{"0.0001":0.00101,"0.001":0.00102,"0.01":0.00105,"0.1":0.0011,"0.2":0.00115,"0.4":0.00104,"0.6":0.00095,"0.8":0.0024,"1.0":0.00257},"10":{"0.0001":0.00105,"0.001":0.00115,"0.01":0.00084,"0.1":0.00116,"0.2":0.00093,"0.4":0.00096,"0.6":0.00112,"0.8":0.00249,"1.0":0.00219}}