{"0.0001":{"0":0.00041,"-7":0.00044},"0.001":{"0":0.00045,"-7":0.00055},"0.01":{"0":0.00044,"-7":0.00051},"0.1":{"0":0.00038,"-7":0.00047},"1.0":{"0":0.00038,"-7":0.00049}}