{"0":{"0.0001":0.00033,"0.001":0.00034,"0.01":0.00031,"0.1":0.00035,"0.2":0.00032,"0.4":0.00035,"0.6":0.00035,"0.8":0.00032,"1.0":0.00031},"2":{"0.0001":0.00032,"0.001":0.00037,"0.01":0.00031,"0.1":0.00029,"0.2":0.00033,"0.4":0.0003,"0.6":0.0003,"0.8":0.00029,"1.0":0.00032},"4":{"0.0001":0.0003,"0.001":0.00035,"0.01":0.00029,"0.1":0.0003,"0.2":0.00031,"0.4":0.00029,"0.6":0.00029,"0.8":0.00031,"1.0":0.00029},"6":{"0.0001":0.00031,"0.001":0.00031,"0.01":0.00031,"0.1":0.00032,"0.2":0.0003,"0.4":0.0003,"0.6":0.00032,"0.8":0.00035,"1.0":0.00029},"8":{"0.0001":0.00029,"0.001":0.00029,"0.01":0.00032,"0.1":0.00031,"0.2":0.00032,"0.4":0.00048,"0.6":0.00031,"0.8":0.00032,"1.0":0.0003},"10":{"0.0001":0.00031,"0.001":0.00032,"0.01":0.0003,"0.1":0.00032,"0.2":0.0003,"0.4":0.0003,"0.6":0.00029,"0.8":0.0003,"1.0":0.00031}}