{"0":{"0.0001":0.00128,"0.001":0.00119,"0.01":0.00035,"0.1":0.00032,"0.2":0.00034,"0.4":0.00032,"0.6":0.00033,"0.8":0.00032,"1.0":0.00101},"2":{"0.0001":0.00098,"0.001":0.00104,"0.01":0.00031,"0.1":0.0003,"0.2":0.00032,"0.4":0.00031,"0.6":0.00032,"0.8":0.00031,"1.0":0.00096},"4":{"0.0001":0.00091,"0.001":0.00112,"0.01":0.00031,"0.1":0.00034,"0.2":0.00031,"0.4":0.0003,"0.6":0.00044,"0.8":0.00033,"1.0":0.00098},"6":{"0.0001":0.0011,"0.001":0.00106,"0.01":0.00032,"0.1":0.0003,"0.2":0.00032,"0.4":0.00031,"0.6":0.00037,"0.8":0.00035,"1.0":0.00113},"8":{"0.0001":0.00102,"0.001":0.00029,"0.01":0.00031,"0.1":0.00031,"0.2":0.00031,"0.4":0.00031,"0.6":0.00031,"0.8":0.00106,"1.0":0.00092},"10":{"0.0001":0.00102,"0.001":0.0003,"0.01":0.00034,"0.1":0.0003,"0.2":0.00033,"0.4":0.00032,"0.6":0.00033,"0.8":0.00107,"1.0":0.00095}}