{"0.0001":{"0":0.00037,"-7":0.00037},"0.001":{"0":0.00037,"-7":0.00038},"0.01":{"0":0.00037,"-7":0.00037},"0.1":{"0":0.00037,"-7":0.00037},"1.0":{"0":0.00039,"-7":0.00039}}