{"0":{"0.0001":0.00125,"0.001":0.00238,"0.01":0.00189,"0.1":0.00203,"0.2":0.002,"0.4":0.00214,"0.6":0.00109,"0.8":0.00079,"1.0":0.001},"2":{"0.0001":0.00109,"0.001":0.00194,"0.01":0.00224,"0.1":0.00201,"0.2":0.00199,"0.4":0.00199,"0.6":0.00099,"0.8":0.00097,"1.0":0.00103},"4":{"0.0001":0.00121,"0.001":0.00196,"0.01":0.00199,"0.1":0.002,"0.2":0.0024,"0.4":0.00212,"0.6":0.00102,"0.8":0.00094,"1.0":0.00101},"6":{"0.0001":0.00101,"0.001":0.00201,"0.01":0.0017,"0.1":0.00233,"0.2":0.00233,"0.4":0.00197,"0.6":0.00112,"0.8":0.00117,"1.0":0.0011},"8":{"0.0001":0.00113,"0.001":0.00201,"0.01":0.00226,"0.1":0.00234,"0.2":0.00191,"0.4":0.00196,"0.6":0.00107,"0.8":0.00144,"1.0":0.00107},"10":{"0.0001":0.00156,"0.001":0.00234,"0.01":0.00226,"0.1":0.00233,"0.2":0.00198,"0.4":0.00198,"0.6":0.00101,"0.8":0.00114,"1.0":0.00109}}