{"0":{"0.0001":0.00089,"0.001":0.00116,"0.01":0.00104,"0.1":0.0011,"0.2":0.00097,"0.4":0.00108,"0.6":0.00103,"0.8":0.00232,"1.0":0.00087},"2":{"0.0001":0.00102,"0.001":0.001,"0.01":0.00103,"0.1":0.00093,"0.2":0.00103,"0.4":0.00089,"0.6":0.00113,"0.8":0.00218,"1.0":0.00085},"4":{"0.0001":0.0011,"0.001":0.00124,"0.01":0.00115,"0.1":0.00101,"0.2":0.00098,"0.4":0.00122,"0.6":0.00099,"0.8":0.00164,"1.0":0.00086},"6":{"0.0001":0.00098,"0.001":0.00114,"0.01":0.00096,"0.1":0.00103,"0.2":0.00098,"0.4":0.00083,"0.6":0.00094,"0.8":0.0014,"1.0":0.00091},"8":{"0.0001":0.00104,"0.001":0.00096,"0.01":0.00096,"0.1":0.00099,"0.2":0.0011,"0.4":0.001,"0.6":0.00094,"0.8":0.00089,"1.0":0.00094},"10":{"0.0001":0.00095,"0.001":0.00094,"0.01":0.00108,"0.1":0.00103,"0.2":0.00111,"0.4":0.00093,"0.6":0.00117,"0.8":0.00088,"1.0":0.00074}}