{"0":{"0.0001":0.00096,"0.001":0.00096,"0.01":0.00086,"0.1":0.00096,"0.2":0.00088,"0.4":0.00171,"0.6":0.00177,"0.8":0.00192,"1.0":0.00183},"2":{"0.0001":0.00085,"0.001":0.0008,"0.01":0.00084,"0.1":0.00076,"0.2":0.0008,"0.4":0.00221,"0.6":0.00186,"0.8":0.00186,"1.0":0.0017},"4":{"0.0001":0.00103,"0.001":0.00086,"0.01":0.00083,"0.1":0.00084,"0.2":0.00107,"0.4":0.00169,"0.6":0.00208,"0.8":0.00169,"1.0":0.00197},"6":{"0.0001":0.00087,"0.001":0.00086,"0.01":0.00092,"0.1":0.00093,"0.2":0.00182,"0.4":0.00193,"0.6":0.00178,"0.8":0.0019,"1.0":0.0018},"8":{"0.0001":0.00089,"0.001":0.00079,"0.01":0.00092,"0.1":0.00081,"0.2":0.00195,"0.4":0.00174,"0.6":0.0019,"0.8":0.00202,"1.0":0.00185},"10":{"0.0001":0.00082,"0.001":0.00091,"0.01":0.00081,"0.1":0.00075,"0.2":0.00195,"0.4":0.00172,"0.6":0.00166,"0.8":0.00192,"1.0":0.00191}}