{"0.0001":{"0":0.00037,"-7":0.00036},"0.001":{"0":0.00036,"-7":0.00037},"0.01":{"0":0.00037,"-7":0.00036},"0.1":{"0":0.00036,"-7":0.00058},"1.0":{"0":0.00036,"-7":0.00038}}