{"0":{"0.0001":0.00065,"0.001":0.00076,"0.01":0.00071,"0.1":0.00068,"0.2":0.00072,"0.4":0.00092,"0.6":0.00072,"0.8":0.00105,"1.0":0.00067},"2":{"0.0001":0.00086,"0.001":0.00069,"0.01":0.00071,"0.1":0.00078,"0.2":0.00076,"0.4":0.0008,"0.6":0.00063,"0.8":0.00083,"1.0":0.0008},"4":{"0.0001":0.0007,"0.001":0.00075,"0.01":0.00063,"0.1":0.00072,"0.2":0.00063,"0.4":0.00075,"0.6":0.0007,"0.8":0.00064,"1.0":0.00066},"6":{"0.0001":0.0007,"0.001":0.0007,"0.01":0.0006,"0.1":0.00073,"0.2":0.00065,"0.4":0.00076,"0.6":0.00071,"0.8":0.00072,"1.0":0.00064},"8":{"0.0001":0.0008,"0.001":0.00088,"0.01":0.0007,"0.1":0.00068,"0.2":0.00078,"0.4":0.00072,"0.6":0.00065,"0.8":0.00089,"1.0":0.00076},"10":{"0.0001":0.00073,"0.001":0.00072,"0.01":0.00081,"0.1":0.00064,"0.2":0.00079,"0.4":0.00072,"0.6":0.00086,"0.8":0.00062,"1.0":0.00073}}