{"0":{"0.0001":0.00077,"0.001":0.00092,"0.01":0.00076,"0.1":0.00095,"0.2":0.00064,"0.4":0.00027,"0.6":0.0003,"0.8":0.00033,"1.0":0.00065},"2":{"0.0001":0.00086,"0.001":0.00078,"0.01":0.00098,"0.1":0.00087,"0.2":0.00027,"0.4":0.00026,"0.6":0.00029,"0.8":0.00028,"1.0":0.00127},"4":{"0.0001":0.00086,"0.001":0.00085,"0.01":0.00092,"0.1":0.00094,"0.2":0.00031,"0.4":0.00027,"0.6":0.00028,"0.8":0.00029,"1.0":0.00165},"6":{"0.0001":0.00084,"0.001":0.0008,"0.01":0.00082,"0.1":0.00085,"0.2":0.00026,"0.4":0.00027,"0.6":0.00027,"0.8":0.00026,"1.0":0.00147},"8":{"0.0001":0.00082,"0.001":0.00093,"0.01":0.00101,"0.1":0.00096,"0.2":0.00027,"0.4":0.00026,"0.6":0.00029,"0.8":0.00036,"1.0":0.00151},"10":{"0.0001":0.00079,"0.001":0.00084,"0.01":0.00104,"0.1":0.00087,"0.2":0.00028,"0.4":0.00026,"0.6":0.00027,"0.8":0.00027,"1.0":0.00145}}