{"0.0001":{"0":0.00035,"-7":0.0004},"0.001":{"0":0.00036,"-7":0.00036},"0.01":{"0":0.00035,"-7":0.00037},"0.1":{"0":0.00044,"-7":0.00036},"1.0":{"0":0.00037,"-7":0.00036}}