detector,keypoints,time
FFD,7445,0.007185935974121094
AFD,7259,0.038784027099609375
BRISK,4151,0.12157583236694336
SIFT,3105,0.06084895133972168
KAZE,1946,0.21750783920288086
AKAZE,1436,0.04111909866333008
GFTT,943,0.010152339935302734
FAST,571,0.022983074188232422
ORB,500,0.06667613983154297
MSER,394,0.1265869140625
SIMPLE_BLOB,5,0.03263115882873535
