{"0.0001":{"0":0.00053,"-7":0.0006},"0.001":{"0":0.00053,"-7":0.00056},"0.01":{"0":0.00052,"-7":0.00105},"0.1":{"0":0.00051,"-7":0.00068},"1.0":{"0":0.00061,"-7":0.00056}}