{"0":{"0.0001":0.00286,"0.001":0.00342,"0.01":0.0032,"0.1":0.00331,"0.2":0.0012,"0.4":0.00121,"0.6":0.00119,"0.8":0.00046,"1.0":0.00047},"2":{"0.0001":0.00328,"0.001":0.00283,"0.01":0.00288,"0.1":0.003,"0.2":0.00127,"0.4":0.00162,"0.6":0.00117,"0.8":0.00045,"1.0":0.00046},"4":{"0.0001":0.00305,"0.001":0.00345,"0.01":0.00315,"0.1":0.00319,"0.2":0.00122,"0.4":0.00131,"0.6":0.00053,"0.8":0.00051,"1.0":0.00045},"6":{"0.0001":0.00277,"0.001":0.00347,"0.01":0.00323,"0.1":0.00279,"0.2":0.0011,"0.4":0.00123,"0.6":0.00046,"0.8":0.00045,"1.0":0.00044},"8":{"0.0001":0.00321,"0.001":0.00327,"0.01":0.00264,"0.1":0.00298,"0.2":0.00115,"0.4":0.00141,"0.6":0.00043,"0.8":0.00048,"1.0":0.00048},"10":{"0.0001":0.00269,"0.001":0.00329,"0.01":0.00298,"0.1":0.00227,"0.2":0.00131,"0.4":0.00129,"0.6":0.00044,"0.8":0.00053,"1.0":0.00044}}