{"0":{"0.0001":0.0031,"0.001":0.00316,"0.01":0.00144,"0.1":0.00186,"0.2":0.00185,"0.4":0.00184,"0.6":0.00361,"0.8":0.00287,"1.0":0.00276},"2":{"0.0001":0.00323,"0.001":0.00349,"0.01":0.00204,"0.1":0.00147,"0.2":0.00142,"0.4":0.00165,"0.6":0.00324,"0.8":0.00308,"1.0":0.00169},"4":{"0.0001":0.00278,"0.001":0.0028,"0.01":0.00144,"0.1":0.00174,"0.2":0.00164,"0.4":0.00149,"0.6":0.00346,"0.8":0.00287,"1.0":0.00256},"6":{"0.0001":0.00355,"0.001":0.00179,"0.01":0.00171,"0.1":0.00135,"0.2":0.00188,"0.4":0.00158,"0.6":0.0035,"0.8":0.00328,"1.0":0.0034},"8":{"0.0001":0.00348,"0.001":0.00191,"0.01":0.00135,"0.1":0.00176,"0.2":0.00195,"0.4":0.00217,"0.6":0.00332,"0.8":0.00316,"1.0":0.00326},"10":{"0.0001":0.0036,"0.001":0.00166,"0.01":0.00169,"0.1":0.00135,"0.2":0.00164,"0.4":0.00315,"0.6":0.00291,"0.8":0.00281,"1.0":0.00312}}