{"0.0001":{"0":0.0006,"-7":0.00051},"0.001":{"0":0.00053,"-7":0.00055},"0.01":{"0":0.00051,"-7":0.0005},"0.1":{"0":0.00051,"-7":0.0005},"1.0":{"0":0.00049,"-7":0.00049}}