{"0":{"0.0001":0.00044,"0.001":0.00042,"0.01":0.00115,"0.1":0.00127,"0.2":0.00105,"0.4":0.00121,"0.6":0.00115,"0.8":0.00121,"1.0":0.00104},"2":{"0.0001":0.00042,"0.001":0.0004,"0.01":0.0012,"0.1":0.00137,"0.2":0.00102,"0.4":0.00161,"0.6":0.00118,"0.8":0.0012,"1.0":0.00119},"4":{"0.0001":0.00041,"0.001":0.00093,"0.01":0.00111,"0.1":0.0011,"0.2":0.00103,"0.4":0.00131,"0.6":0.00132,"0.8":0.00122,"1.0":0.00119},"6":{"0.0001":0.00042,"0.001":0.00109,"0.01":0.00108,"0.1":0.00122,"0.2":0.00115,"0.4":0.00106,"0.6":0.00109,"0.8":0.00113,"1.0":0.0019},"8":{"0.0001":0.00041,"0.001":0.00116,"0.01":0.00129,"0.1":0.00109,"0.2":0.00126,"0.4":0.00124,"0.6":0.0012,"0.8":0.00108,"1.0":0.00278},"10":{"0.0001":0.00042,"0.001":0.00114,"0.01":0.00136,"0.1":0.00117,"0.2":0.00108,"0.4":0.00118,"0.6":0.00116,"0.8":0.00121,"1.0":0.00296}}