{"0":{"0.0001":0.00347,"0.001":0.0032,"0.01":0.00305,"0.1":0.00549,"0.2":0.00317,"0.4":0.00104,"0.6":0.00108,"0.8":0.00107,"1.0":0.00322},"2":{"0.0001":0.00607,"0.001":0.00279,"0.01":0.00317,"0.1":0.0058,"0.2":0.00283,"0.4":0.00113,"0.6":0.00118,"0.8":0.00104,"1.0":0.00292},"4":{"0.0001":0.00566,"0.001":0.00323,"0.01":0.00276,"0.1":0.00621,"0.2":0.00245,"0.4":0.00132,"0.6":0.00123,"0.8":0.00157,"1.0":0.00131},"6":{"0.0001":0.00492,"0.001":0.00289,"0.01":0.00289,"0.1":0.00473,"0.2":0.00117,"0.4":0.0012,"0.6":0.00129,"0.8":0.00315,"1.0":0.00136},"8":{"0.0001":0.00549,"0.001":0.00308,"0.01":0.00552,"0.1":0.00593,"0.2":0.0011,"0.4":0.00111,"0.6":0.00113,"0.8":0.00301,"1.0":0.00156},"10":{"0.0001":0.00317,"0.001":0.00297,"0.01":0.00605,"0.1":0.00381,"0.2":0.00117,"0.4":0.00122,"0.6":0.00124,"0.8":0.00278,"1.0":0.0013}}