{"0.0001":{"0":0.00048,"-7":0.00629},"0.001":{"0":0.00629,"-7":0.00052},"0.01":{"0":0.00047,"-7":0.00048},"0.1":{"0":0.00047,"-7":0.00048},"1.0":{"0":0.00047,"-7":0.00051}}