{"0":{"0.0001":0.00151,"0.001":0.00358,"0.01":0.00123,"0.1":0.00113,"0.2":0.00117,"0.4":0.00312,"0.6":0.00455,"0.8":0.00488,"1.0":0.00494},"2":{"0.0001":0.00165,"0.001":0.003,"0.01":0.00117,"0.1":0.00126,"0.2":0.00118,"0.4":0.0029,"0.6":0.0053,"0.8":0.00438,"1.0":0.00521},"4":{"0.0001":0.00169,"0.001":0.00292,"0.01":0.00128,"0.1":0.0013,"0.2":0.00118,"0.4":0.00325,"0.6":0.00442,"0.8":0.00458,"1.0":0.00463},"6":{"0.0001":0.00151,"0.001":0.00298,"0.01":0.0013,"0.1":0.00119,"0.2":0.00109,"0.4":0.00319,"0.6":0.00456,"0.8":0.00449,"1.0":0.00344},"8":{"0.0001":0.00148,"0.001":0.00217,"0.01":0.00118,"0.1":0.00114,"0.2":0.0029,"0.4":0.00276,"0.6":0.00505,"0.8":0.00559,"1.0":0.00284},"10":{"0.0001":0.00233,"0.001":0.00174,"0.01":0.00126,"0.1":0.00124,"0.2":0.00363,"0.4":0.00335,"0.6":0.00496,"0.8":0.00446,"1.0":0.00159}}