{"0":{"0.0001":0.00165,"0.001":0.00046,"0.01":0.00047,"0.1":0.00042,"0.2":0.00247,"0.4":0.00263,"0.6":0.00244,"0.8":0.00251,"1.0":0.00162},"2":{"0.0001":0.00149,"0.001":0.00049,"0.01":0.00044,"0.1":0.00052,"0.2":0.00143,"0.4":0.00248,"0.6":0.00287,"0.8":0.00262,"1.0":0.00118},"4":{"0.0001":0.00135,"0.001":0.00043,"0.01":0.00042,"0.1":0.00166,"0.2":0.00165,"0.4":0.00288,"0.6":0.00293,"0.8":0.00253,"1.0":0.00123},"6":{"0.0001":0.00129,"0.001":0.00043,"0.01":0.00046,"0.1":0.00124,"0.2":0.00176,"0.4":0.00232,"0.6":0.00284,"0.8":0.00142,"1.0":0.00112},"8":{"0.0001":0.00115,"0.001":0.00044,"0.01":0.00043,"0.1":0.00131,"0.2":0.00269,"0.4":0.00297,"0.6":0.00284,"0.8":0.00121,"1.0":0.00125},"10":{"0.0001":0.00044,"0.001":0.00045,"0.01":0.00042,"0.1":0.00147,"0.2":0.00259,"0.4":0.00314,"0.6":0.00264,"0.8":0.00125,"1.0":0.00129}}