{"0.0001":{"0":0.00055,"-7":0.00044},"0.001":{"0":0.00046,"-7":0.00047},"0.01":{"0":0.00044,"-7":0.00044},"0.1":{"0":0.00049,"-7":0.00044},"1.0":{"0":0.00049,"-7":0.00046}}