{"0":{"0.0001":0.00446,"0.001":0.00291,"0.01":0.00298,"0.1":0.00222,"0.2":0.00139,"0.4":0.00134,"0.6":0.00155,"0.8":0.0015,"1.0":0.00148},"2":{"0.0001":0.00451,"0.001":0.00346,"0.01":0.00329,"0.1":0.00152,"0.2":0.00135,"0.4":0.00137,"0.6":0.00163,"0.8":0.0013,"1.0":0.00147},"4":{"0.0001":0.00403,"0.001":0.00301,"0.01":0.003,"0.1":0.00137,"0.2":0.00146,"0.4":0.0016,"0.6":0.00155,"0.8":0.00154,"1.0":0.00125},"6":{"0.0001":0.00306,"0.001":0.00266,"0.01":0.0031,"0.1":0.00147,"0.2":0.00136,"0.4":0.00124,"0.6":0.00154,"0.8":0.0012,"1.0":0.00141},"8":{"0.0001":0.00347,"0.001":0.00298,"0.01":0.00301,"0.1":0.00143,"0.2":0.00152,"0.4":0.00155,"0.6":0.00138,"0.8":0.00151,"1.0":0.00164},"10":{"0.0001":0.00292,"0.001":0.00338,"0.01":0.0028,"0.1":0.00138,"0.2":0.00148,"0.4":0.00128,"0.6":0.00131,"0.8":0.00137,"1.0":0.00143}}