{"0":{"0.0001":0.00116,"0.001":0.00121,"0.01":0.00105,"0.1":0.00125,"0.2":0.00123,"0.4":0.00128,"0.6":0.00126,"0.8":0.00124,"1.0":0.00125},"2":{"0.0001":0.0012,"0.001":0.00109,"0.01":0.0014,"0.1":0.00136,"0.2":0.00125,"0.4":0.00121,"0.6":0.00098,"0.8":0.00109,"1.0":0.00124},"4":{"0.0001":0.00113,"0.001":0.00128,"0.01":0.0015,"0.1":0.00117,"0.2":0.00108,"0.4":0.00122,"0.6":0.00116,"0.8":0.00115,"1.0":0.00123},"6":{"0.0001":0.00113,"0.001":0.00117,"0.01":0.00132,"0.1":0.00131,"0.2":0.00129,"0.4":0.00121,"0.6":0.0013,"0.8":0.00097,"1.0":0.0011},"8":{"0.0001":0.00113,"0.001":0.00119,"0.01":0.00118,"0.1":0.00119,"0.2":0.00118,"0.4":0.00124,"0.6":0.00133,"0.8":0.00114,"1.0":0.00122},"10":{"0.0001":0.00107,"0.001":0.00131,"0.01":0.00123,"0.1":0.0012,"0.2":0.00117,"0.4":0.00121,"0.6":0.00114,"0.8":0.001,"1.0":0.00121}}