{"0":{"0.0001":0.00101,"0.001":0.00041,"0.01":0.00041,"0.1":0.00099,"0.2":0.00112,"0.4":0.00103,"0.6":0.00122,"0.8":0.00038,"1.0":0.00034},"2":{"0.0001":0.00105,"0.001":0.0004,"0.01":0.00037,"0.1":0.00107,"0.2":0.00121,"0.4":0.00124,"0.6":0.00106,"0.8":0.00034,"1.0":0.00034},"4":{"0.0001":0.00101,"0.001":0.00034,"0.01":0.00069,"0.1":0.00116,"0.2":0.00126,"0.4":0.00106,"0.6":0.0012,"0.8":0.00041,"1.0":0.00034},"6":{"0.0001":0.00098,"0.001":0.00037,"0.01":0.00113,"0.1":0.00116,"0.2":0.00106,"0.4":0.00101,"0.6":0.00102,"0.8":0.00037,"1.0":0.00034},"8":{"0.0001":0.00046,"0.001":0.00036,"0.01":0.00102,"0.1":0.00129,"0.2":0.00111,"0.4":0.00113,"0.6":0.00035,"0.8":0.00039,"1.0":0.00034},"10":{"0.0001":0.00034,"0.001":0.00036,"0.01":0.00116,"0.1":0.00136,"0.2":0.00126,"0.4":0.00113,"0.6":0.00036,"0.8":0.00034,"1.0":0.00034}}