{"0":{"0.0001":0.0021,"0.001":0.0037,"0.01":0.00411,"0.1":0.00226,"0.2":0.00163,"0.4":0.00236,"0.6":0.00388,"0.8":0.00372,"1.0":0.00207},"2":{"0.0001":0.0029,"0.001":0.0037,"0.01":0.00371,"0.1":0.0022,"0.2":0.0017,"0.4":0.00297,"0.6":0.00448,"0.8":0.00355,"1.0":0.00232},"4":{"0.0001":0.0034,"0.001":0.00382,"0.01":0.00394,"0.1":0.0024,"0.2":0.00236,"0.4":0.00386,"0.6":0.00382,"0.8":0.00419,"1.0":0.00184},"6":{"0.0001":0.00295,"0.001":0.00349,"0.01":0.00326,"0.1":0.002,"0.2":0.00196,"0.4":0.0038,"0.6":0.0034,"0.8":0.0026,"1.0":0.0025},"8":{"0.0001":0.00395,"0.001":0.00366,"0.01":0.00209,"0.1":0.00193,"0.2":0.00194,"0.4":0.00333,"0.6":0.00386,"0.8":0.0021,"1.0":0.00226},"10":{"0.0001":0.00359,"0.001":0.00376,"0.01":0.0019,"0.1":0.00213,"0.2":0.00205,"0.4":0.00357,"0.6":0.00356,"0.8":0.00216,"1.0":0.00231}}