{"0.0001":{"0":0.00043,"-7":0.00046},"0.001":{"0":0.00042,"-7":0.00043},"0.01":{"0":0.00045,"-7":0.00045},"0.1":{"0":0.00043,"-7":0.00045},"1.0":{"0":0.00042,"-7":0.00045}}